isco1988,soc2010
1110,11-1031
1120,11-1011
1120,11-1021
1120,11-9161
1130,11-1011
1130,11-1031
1141,11-1021
1141,11-2031
1141,11-9199
1142,11-1021
1142,11-2031
1142,11-9199
1143,11-1021
1143,11-2031
1143,11-9199
1210,11-1011
1210,11-1021
1221,11-9013
1222,11-3051
1222,11-9199
1223,11-9021
1223,47-1011
1224,11-1021
1225,11-9051
1225,11-9081
1226,11-3021
1226,11-3071
1227,11-1021
1227,11-2031
1227,11-3011
1227,11-3031
1227,11-3061
1227,11-9061
1227,11-9131
1227,11-9199
1228,11-2031
1228,11-3011
1228,11-3061
1228,11-9061
1228,11-9131
1228,11-9199
1229,11-1021
1229,11-2031
1229,11-3011
1229,11-3061
1229,11-9031
1229,11-9032
1229,11-9033
1229,11-9039
1229,11-9061
1229,11-9111
1229,11-9131
1229,11-9151
1229,11-9199
1229,27-1011
1229,27-1019
1229,27-2012
1229,27-2099
1229,27-3099
1229,27-4032
1229,27-4099
1229,39-3092
1229,39-3099
1231,11-2031
1231,11-3011
1231,11-3031
1231,11-3061
1231,11-9061
1231,11-9131
1231,11-9199
1232,11-3111
1232,11-3121
1232,11-3131
1233,11-2021
1233,11-2022
1234,11-2011
1234,11-2031
1235,11-3071
1236,11-3021
1237,11-9041
1237,11-9121
1239,11-9199
1311,37-1012
1311,37-3013
1311,45-1011
1311,45-2021
1311,45-2091
1311,45-3011
1311,45-4011
1311,45-4021
1311,45-4022
1311,45-4023
1311,45-4029
1312,11-3051
1312,11-9199
1313,11-9021
1314,11-1021
1315,11-9051
1315,11-9081
1316,11-3021
1316,11-3071
1317,11-1021
1317,11-2011
1317,11-2021
1317,11-2022
1317,11-2031
1317,11-3011
1317,11-3021
1317,11-3031
1317,11-3061
1317,11-3111
1317,11-3121
1317,11-3131
1317,11-9061
1317,11-9131
1317,11-9199
1318,11-2031
1318,11-3011
1318,11-3061
1318,11-9061
1318,11-9131
1318,11-9199
1319,11-1021
1319,11-9031
1319,11-9032
1319,11-9033
1319,11-9039
1319,11-9041
1319,11-9071
1319,11-9111
1319,11-9121
1319,11-9151
1319,11-9199
2111,19-2011
2111,19-2012
2112,19-2021
2113,19-2031
2113,19-2032
2113,29-1051
2114,19-2042
2114,19-2043
2121,15-2011
2121,15-2021
2121,15-2031
2121,15-2041
2121,19-3022
2122,15-2011
2122,15-2021
2122,15-2031
2122,15-2041
2122,19-3022
2131,15-1111
2131,15-1121
2131,15-1132
2131,15-1133
2131,15-1134
2131,15-1141
2131,15-1142
2131,15-1143
2131,15-1199
2132,15-1131
2132,15-1134
2132,15-1143
2132,15-1199
2139,15-1122
2139,15-1134
2139,15-1199
2141,17-1011
2141,17-1012
2141,19-3051
2142,17-2051
2143,17-2071
2144,17-2061
2144,17-2072
2145,17-2011
2145,17-2021
2145,17-2121
2145,17-2141
2146,17-2041
2147,17-2131
2147,17-2151
2147,17-2171
2147,19-2032
2148,17-1021
2148,17-1022
2149,17-2031
2149,17-2081
2149,17-2111
2149,17-2112
2149,17-2131
2149,17-2161
2149,17-2199
2211,19-1011
2211,19-1012
2211,19-1013
2211,19-1021
2211,19-1022
2211,19-1023
2211,19-1029
2211,19-1031
2211,19-1041
2211,19-1042
2211,19-1099
2211,19-2041
2212,19-1011
2212,19-1012
2212,19-1013
2212,19-1021
2212,19-1022
2212,19-1023
2212,19-1029
2212,19-1041
2212,19-1042
2212,19-1099
2212,29-1061
2212,29-1064
2212,29-1066
2212,29-1067
2212,29-1069
2212,29-1131
2213,19-1013
2213,19-1032
2213,25-9021
2221,29-1061
2221,29-1062
2221,29-1063
2221,29-1064
2221,29-1065
2221,29-1066
2221,29-1067
2221,29-1069
2222,29-1021
2222,29-1022
2222,29-1023
2222,29-1024
2222,29-1029
2223,29-1131
2224,29-1051
2229,21-1091
2229,29-1011
2229,29-1081
2229,29-1122
2229,29-1125
2229,29-1129
2229,29-1199
2229,29-9011
2229,29-9092
2230,11-1021
2230,11-9111
2230,29-1141
2230,29-1151
2230,29-1161
2230,29-1171
2230,29-2061
2230,29-9099
2310,25-1011
2310,25-1021
2310,25-1022
2310,25-1031
2310,25-1032
2310,25-1041
2310,25-1042
2310,25-1043
2310,25-1051
2310,25-1052
2310,25-1053
2310,25-1054
2310,25-1061
2310,25-1062
2310,25-1063
2310,25-1064
2310,25-1065
2310,25-1066
2310,25-1067
2310,25-1069
2310,25-1071
2310,25-1072
2310,25-1081
2310,25-1082
2310,25-1111
2310,25-1112
2310,25-1113
2310,25-1121
2310,25-1122
2310,25-1123
2310,25-1124
2310,25-1125
2310,25-1126
2310,25-1191
2310,25-1192
2310,25-1193
2310,25-1194
2310,25-1199
2310,25-2023
2310,25-2032
2320,25-1194
2320,25-2023
2320,25-2031
2320,25-2032
2331,25-2021
2331,25-2022
2332,25-2011
2332,25-2012
2340,25-2051
2340,25-2052
2340,25-2053
2340,25-2054
2340,25-2059
2351,25-9031
2352,25-9031
2359,13-1151
2359,21-1012
2359,25-3011
2359,25-3021
2359,25-3099
2359,25-9099
2411,13-2011
2411,13-2031
2411,13-2051
2411,13-2052
2411,13-2082
2412,13-1071
2412,13-1075
2412,13-1141
2412,13-1151
2412,21-1012
2412,21-1091
2412,29-9011
2419,13-1011
2419,13-1051
2419,13-1081
2419,13-1111
2419,13-1161
2419,13-1199
2419,13-2041
2419,13-2051
2419,13-2052
2419,13-2061
2419,13-2099
2419,27-3031
2419,27-3043
2419,41-1012
2419,41-3011
2419,41-3041
2419,41-9099
2421,23-1011
2422,23-1021
2422,23-1023
2429,23-1022
2431,25-4011
2431,25-4012
2432,25-4021
2432,25-9011
2441,19-3011
2442,19-3041
2442,19-3091
2442,19-3092
2443,19-3093
2443,19-3094
2443,19-3099
2444,19-3099
2444,27-3091
2445,19-3031
2445,19-3032
2445,19-3039
2446,21-1011
2446,21-1013
2446,21-1014
2446,21-1015
2446,21-1019
2446,21-1021
2446,21-1022
2446,21-1023
2446,21-1029
2446,21-1092
2446,21-1099
2451,13-1161
2451,27-3022
2451,27-3031
2451,27-3041
2451,27-3042
2451,27-3043
2452,27-1012
2452,27-1013
2452,27-1014
2452,27-1024
2453,27-2041
2453,27-2042
2454,27-2031
2454,27-2032
2455,27-1011
2455,27-2011
2455,27-2012
2455,27-4032
2460,21-2011
2460,21-2021
3111,19-4031
3111,19-4041
3111,19-4099
3112,17-3022
3112,17-3031
3112,33-1021
3112,33-2021
3112,47-4011
3113,17-3023
3113,17-3024
3114,17-3023
3115,17-3021
3115,17-3024
3115,17-3027
3115,17-3029
3116,17-3029
3116,51-8091
3117,17-3029
3117,19-4041
3118,17-3011
3118,17-3012
3118,17-3013
3118,17-3019
3118,27-1013
3119,17-3025
3119,17-3026
3119,17-3029
3119,19-4051
3119,19-4092
3119,19-4099
3119,33-1021
3119,33-2021
3119,33-2022
3119,53-6041
3121,15-1134
3121,15-1142
3121,15-1151
3121,15-1152
3122,43-9011
3123,51-4012
3131,27-4011
3131,27-4012
3131,27-4013
3131,27-4014
3131,27-4021
3131,27-4031
3131,27-4099
3132,17-3023
3132,27-4011
3132,27-4012
3132,27-4013
3132,27-4014
3132,27-4031
3132,27-4099
3133,29-1124
3133,29-2032
3133,29-2033
3133,29-2034
3133,29-2035
3141,53-1031
3141,53-5031
3142,53-1031
3142,53-5021
3143,53-1031
3143,53-2011
3143,53-2012
3144,53-1031
3144,53-2021
3145,17-3023
3151,17-3022
3151,17-3025
3151,17-3026
3151,17-3029
3151,17-3031
3151,19-4051
3151,19-4092
3151,19-4099
3151,33-1021
3151,33-2021
3151,33-2022
3151,47-4011
3151,53-6041
3152,17-3021
3152,17-3023
3152,17-3024
3152,17-3027
3152,17-3029
3152,19-4041
3152,21-1091
3152,29-9011
3152,29-9012
3152,45-2011
3152,51-9061
3152,53-1031
3152,53-6051
3211,19-4021
3211,19-4091
3211,29-2011
3211,29-2012
3212,19-4011
3212,19-4093
3213,19-1013
3213,19-1032
3213,25-9021
3221,21-1094
3221,29-1071
3221,29-2057
3221,31-9092
3222,21-1091
3222,29-9011
3222,29-9012
3222,45-2011
3222,53-1031
3222,53-6051
3223,29-1031
3224,29-1041
3224,29-2081
3225,29-2021
3225,31-9091
3226,29-1011
3226,29-1081
3226,29-1122
3226,29-1123
3226,29-1125
3226,29-1128
3226,29-1129
3226,29-1199
3226,29-2091
3226,29-2092
3226,29-9092
3226,31-2021
3226,31-9011
3226,51-9081
3226,51-9082
3227,29-2056
3227,31-9096
3228,29-2052
3229,29-1011
3229,29-1041
3229,29-1081
3229,29-1122
3229,29-1125
3229,29-1126
3229,29-1127
3229,29-1129
3229,29-1181
3229,29-1199
3229,29-2031
3229,29-2051
3229,29-2053
3229,29-2054
3229,29-2055
3229,29-2099
3229,29-9092
3229,29-9099
3229,31-2011
3229,31-9099
3231,29-2061
3232,29-9099
3241,29-1199
3241,29-9099
3242,21-2099
3310,25-2021
3310,25-2022
3320,25-2011
3320,25-2012
3330,25-2051
3330,25-2052
3330,25-2053
3330,25-2054
3330,25-2059
3340,13-1151
3340,21-1012
3340,25-3011
3340,25-3021
3340,25-3099
3340,25-9099
3340,29-9091
3340,39-1021
3340,39-9031
3340,53-1031
3340,53-2011
3340,53-2012
3411,13-2051
3411,13-2052
3411,41-1012
3411,41-3031
3412,13-2053
3412,41-1012
3412,41-3021
3413,11-9141
3413,41-1012
3413,41-9021
3413,41-9022
3414,13-1011
3414,13-1051
3414,13-1199
3414,13-2099
3414,41-1012
3414,41-3011
3414,41-3041
3414,41-9099
3414,43-4181
3415,41-1012
3415,41-3099
3415,41-4011
3415,41-4012
3415,41-9031
3416,13-1021
3416,13-1022
3416,13-1023
3417,13-1011
3417,13-1031
3417,13-1032
3417,13-1051
3417,13-1199
3417,13-2021
3417,13-2099
3417,41-1012
3417,41-3011
3417,41-3041
3417,41-9099
3419,13-2071
3419,13-2072
3421,41-1012
3421,41-3031
3421,43-5011
3422,43-5011
3422,43-5071
3423,13-1071
3423,13-1074
3429,13-1011
3429,13-1051
3429,13-1199
3429,13-2099
3429,41-1012
3429,41-3011
3429,41-3041
3429,41-9099
3431,23-2091
3431,31-9094
3431,43-1011
3431,43-6011
3431,43-6012
3431,43-6013
3432,23-1012
3432,23-2011
3432,23-2093
3432,23-2099
3432,33-3011
3432,33-9021
3432,33-9031
3433,43-3031
3434,15-2091
3434,15-2099
3434,19-4061
3434,43-3031
3434,43-9111
3439,13-1121
3439,23-2091
3439,25-4013
3439,25-4031
3439,27-1012
3439,43-1011
3439,43-6011
3439,45-2011
3441,13-1041
3441,33-1012
3441,33-3051
3442,13-2081
3443,13-1041
3443,43-4061
3444,13-1041
3444,43-4031
3449,45-2011
3450,23-1012
3450,23-2011
3450,23-2093
3450,23-2099
3450,33-1012
3450,33-3011
3450,33-3021
3450,33-9021
3450,33-9031
3460,21-1093
3471,25-4013
3471,25-4031
3471,27-1012
3471,27-1014
3471,27-1019
3471,27-1021
3471,27-1022
3471,27-1024
3471,27-1025
3471,27-1026
3471,27-1027
3471,27-1029
3471,27-2099
3471,27-3099
3471,27-4099
3471,39-3092
3471,39-3099
3472,27-3011
3472,27-3012
3472,27-3021
3472,27-3022
3472,27-3041
3473,27-2031
3473,27-2032
3473,27-2041
3473,27-2042
3474,27-1019
3474,27-2099
3474,27-3099
3474,27-4099
3474,39-3092
3474,39-3099
3475,25-3021
3475,27-2021
3475,27-2022
3475,27-2023
3475,29-9091
3475,39-1021
3475,39-9031
3480,21-2099
4111,43-1011
4111,43-9022
4112,43-1011
4112,43-9022
4113,43-1011
4113,43-9021
4114,43-1011
4114,43-9021
4115,31-9094
4115,43-1011
4115,43-6012
4115,43-6013
4115,43-6014
4121,43-1011
4121,43-3021
4121,43-3031
4121,43-3051
4122,43-1011
4122,43-3099
4122,43-4011
4122,43-4041
4122,43-4131
4122,43-4141
4122,43-9041
4131,43-1011
4131,43-5071
4131,43-5081
4131,43-5111
4132,43-1011
4132,43-5061
4133,43-1011
4133,43-5032
4141,25-4031
4141,43-1011
4141,43-4071
4141,43-4121
4141,43-9071
4142,43-1011
4142,43-5021
4142,43-5051
4142,43-5052
4142,43-5053
4142,43-9051
4143,29-2071
4143,43-1011
4143,43-9081
4144,39-1021
4144,39-9021
4190,43-1011
4190,43-3061
4190,43-4021
4190,43-4111
4190,43-4151
4190,43-4161
4190,43-4199
4190,43-9061
4190,43-9199
4211,39-1011
4211,39-1012
4211,39-3011
4211,39-3012
4211,39-3019
4211,41-2011
4211,41-2012
4211,43-3041
4211,43-3071
4211,43-5051
4212,43-3071
4212,43-5051
4213,39-1011
4213,39-1012
4213,39-3011
4213,39-3012
4213,39-3019
4213,43-3041
4214,41-9099
4214,43-3099
4215,13-1131
4215,43-3011
4221,41-1012
4221,41-3041
4221,43-4181
4222,39-6012
4222,43-1011
4222,43-2099
4222,43-4021
4222,43-4051
4222,43-4061
4222,43-4081
4222,43-4171
4222,43-4199
4223,43-1011
4223,43-2011
4223,43-2021
5111,41-1012
5111,41-3041
5111,43-4181
5111,53-1031
5111,53-2031
5111,53-6061
5112,53-1031
5112,53-6061
5113,39-1021
5113,39-7011
5113,39-7012
5121,37-1011
5121,39-9099
5122,35-1011
5122,35-1012
5122,35-2011
5122,35-2012
5122,35-2013
5122,35-2014
5122,35-2015
5122,35-2019
5123,35-3011
5123,35-3031
5123,35-3041
5131,25-9041
5131,39-1021
5131,39-9011
5132,29-2041
5132,31-1013
5132,31-1014
5132,31-1015
5132,31-2012
5132,31-2022
5132,31-9091
5132,31-9093
5132,31-9095
5132,31-9097
5132,31-9099
5133,31-1011
5133,39-1021
5133,39-9021
5139,31-1015
5139,31-2012
5139,31-2022
5139,31-9091
5139,31-9093
5139,31-9095
5139,31-9096
5139,31-9097
5139,31-9099
5139,39-1021
5139,39-2011
5139,39-2021
5141,39-1021
5141,39-5011
5141,39-5012
5141,39-5091
5141,39-5092
5141,39-5093
5141,39-5094
5142,39-1021
5142,39-9021
5142,39-9099
5143,39-4011
5143,39-4021
5143,39-4031
5149,35-9031
5149,39-1021
5149,39-9032
5149,39-9041
5149,39-9099
5151,27-2099
5152,27-2099
5161,33-1021
5161,33-2011
5162,33-1012
5162,33-3051
5162,33-3052
5163,33-1011
5163,33-3012
5169,33-1099
5169,33-3031
5169,33-3041
5169,33-9011
5169,33-9031
5169,33-9032
5169,33-9091
5169,33-9092
5169,33-9093
5169,33-9099
5169,43-5031
5210,41-9012
5220,35-3021
5220,35-3022
5220,35-9011
5220,41-1011
5220,41-2021
5220,41-2022
5220,41-2031
5220,41-9011
5220,41-9099
5220,53-1031
5220,53-6031
5230,35-3021
5230,35-3022
5230,35-9011
5230,41-9091
6111,45-1011
6111,45-2091
6112,45-1011
6112,45-2091
6113,37-1012
6113,37-3011
6113,37-3013
6113,37-3019
6113,45-2091
6113,45-2092
6114,45-1011
6114,45-2091
6121,45-1011
6121,45-2021
6122,45-1011
6122,45-2021
6123,45-1011
6123,45-2021
6124,45-1011
6124,45-2021
6129,31-9096
6129,39-1021
6129,39-2011
6129,39-2021
6129,45-1011
6129,45-2021
6130,45-1011
6130,45-2021
6130,45-2091
6141,45-1011
6141,45-4011
6141,45-4021
6141,45-4022
6141,45-4023
6141,45-4029
6142,45-1011
6142,45-4011
6142,45-4021
6142,45-4022
6142,45-4023
6142,45-4029
6151,45-1011
6151,45-2021
6152,45-1011
6152,45-3011
6152,49-9092
6153,45-1011
6153,45-3011
6154,45-1011
6154,45-3021
6210,45-2092
6210,45-2093
6210,45-3011
6210,45-3021
7111,47-1011
7111,47-5021
7111,47-5041
7111,47-5042
7111,47-5049
7111,47-5051
7111,47-5061
7111,53-7032
7111,53-7033
7112,47-5031
7113,47-2022
7113,47-4091
7121,11-9021
7122,47-2021
7122,47-2022
7122,47-4091
7122,49-9045
7123,47-2051
7123,47-2053
7123,47-4091
7124,47-2031
7129,11-9021
7129,47-1011
7129,47-2231
7129,47-4031
7129,47-4041
7129,47-4099
7129,49-9095
7131,47-2181
7132,47-2041
7132,47-2042
7132,47-2043
7132,47-2044
7133,47-2081
7133,47-2082
7133,47-2161
7134,47-2131
7134,47-2132
7135,47-2121
7136,47-2151
7136,47-2152
7137,47-2111
7137,47-2231
7141,47-2141
7141,47-2142
7142,51-9121
7142,51-9122
7143,37-1012
7143,37-2019
7143,37-2021
7143,37-3012
7211,51-4071
7211,51-4072
7212,51-4121
7212,51-4122
7213,47-2011
7213,47-2211
7213,51-4192
7214,47-2171
7214,47-2221
7214,51-2041
7215,49-9096
7216,49-9092
7221,51-4022
7221,51-4199
7222,49-9094
7222,51-4012
7222,51-4061
7222,51-4062
7222,51-4111
7222,51-4192
7223,27-1012
7223,51-4011
7223,51-4021
7223,51-4022
7223,51-4023
7223,51-4031
7223,51-4032
7223,51-4033
7223,51-4034
7223,51-4035
7223,51-4041
7223,51-4081
7223,51-4199
7224,51-4194
7224,51-9022
7231,49-1011
7231,49-3021
7231,49-3022
7231,49-3023
7231,49-3031
7231,49-3051
7231,49-3052
7231,49-3053
7231,49-3091
7231,49-3092
7231,49-3093
7232,49-1011
7232,49-3011
7233,49-1011
7233,49-3041
7233,49-3042
7233,49-3043
7233,49-9021
7233,49-9041
7233,49-9043
7233,49-9044
7233,49-9045
7233,49-9081
7241,47-4021
7241,49-1011
7241,49-2092
7241,49-2093
7241,49-2094
7241,49-2095
7241,49-2096
7241,49-2098
7241,49-3053
7241,49-9011
7241,49-9012
7241,49-9031
7241,49-9097
7242,49-1011
7242,49-2011
7242,49-2021
7242,49-2022
7242,49-2091
7242,49-2093
7242,49-2094
7242,49-2095
7242,49-2096
7242,49-2097
7242,49-9052
7243,49-1011
7243,49-2011
7243,49-2021
7243,49-2022
7243,49-2091
7243,49-2093
7243,49-2094
7243,49-2095
7243,49-2096
7243,49-2097
7243,49-9052
7244,49-1011
7244,49-2011
7244,49-2021
7244,49-2022
7244,49-2093
7244,49-2097
7244,49-9052
7245,49-1011
7245,49-2011
7245,49-2021
7245,49-2022
7245,49-2093
7245,49-2097
7245,49-9051
7245,49-9052
7311,29-2091
7311,29-2092
7311,49-1011
7311,49-9061
7311,49-9062
7311,49-9064
7311,49-9069
7311,51-9081
7311,51-9082
7312,49-1011
7312,49-9063
7313,51-9071
7321,27-1012
7321,51-9195
7322,27-1023
7322,51-9022
7322,51-9031
7322,51-9083
7322,51-9195
7323,51-9123
7323,51-9194
7324,51-9123
7324,51-9194
7331,27-1012
7331,51-7099
7332,51-6041
7341,43-9031
7341,51-5111
7341,51-5112
7342,43-9031
7342,51-5111
7343,43-9031
7343,51-5111
7344,51-9151
7345,51-5113
7346,51-5112
7411,51-3021
7411,51-3022
7411,51-3023
7411,51-3091
7412,51-3011
7413,51-3092
7413,51-9012
7414,51-3093
7414,51-3099
7415,45-2011
7415,45-2041
7416,45-2041
7416,51-9041
7416,51-9195
7421,51-9051
7421,51-9191
7422,51-7011
7422,51-7021
7422,51-7031
7422,51-7032
7423,51-7042
7424,27-1012
7424,51-7099
7431,51-6041
7432,51-6041
7432,51-6063
7433,51-6052
7434,51-6052
7435,51-6062
7435,51-6092
7435,51-9031
7436,49-9093
7436,51-6041
7436,51-6051
7437,51-6093
7441,45-2041
7441,51-6099
7442,51-6041
8111,47-1011
8111,47-5021
8111,47-5041
8111,47-5042
8111,47-5049
8111,47-5051
8111,47-5061
8111,53-7032
8111,53-7033
8112,51-9021
8112,51-9192
8113,47-5011
8113,47-5012
8113,47-5013
8113,47-5021
8113,47-5071
8113,53-7073
8121,51-4021
8121,51-4023
8121,51-4051
8121,51-4052
8121,51-4191
8122,51-4021
8122,51-4023
8122,51-4051
8122,51-4052
8122,51-4191
8123,51-4021
8123,51-4023
8123,51-4051
8123,51-4052
8123,51-4191
8124,51-4021
8124,51-4023
8124,51-4051
8124,51-4052
8124,51-4191
8131,51-6091
8131,51-9021
8131,51-9023
8131,51-9041
8131,51-9051
8131,51-9195
8139,51-6091
8139,51-9021
8139,51-9023
8139,51-9041
8139,51-9051
8139,51-9195
8141,51-7041
8142,51-4012
8142,51-9192
8142,51-9196
8143,51-4012
8143,51-9192
8143,51-9196
8151,51-9011
8151,51-9012
8151,51-9195
8152,51-8091
8152,51-9011
8152,51-9012
8152,51-9195
8153,51-8091
8153,51-9011
8153,51-9012
8153,51-9195
8154,51-8091
8154,51-9011
8154,51-9012
8154,51-9195
8155,51-8092
8155,51-8093
8155,51-9011
8155,51-9012
8155,51-9195
8155,53-7071
8155,53-7072
8159,51-8091
8159,51-9011
8159,51-9012
8159,51-9195
8161,51-1011
8161,51-8011
8161,51-8012
8161,51-8013
8162,51-8021
8163,51-1011
8163,51-8031
8163,51-8099
8163,53-7072
8171,51-1011
8171,51-4012
8172,51-1011
8172,51-4012
8211,51-1011
8211,51-4011
8211,51-4021
8211,51-4022
8211,51-4023
8211,51-4031
8211,51-4032
8211,51-4033
8211,51-4034
8211,51-4035
8211,51-4041
8211,51-4071
8211,51-4072
8211,51-4081
8211,51-4199
8212,51-8099
8212,51-9021
8212,51-9023
8212,51-9032
8221,51-1011
8221,51-9011
8221,51-9012
8221,51-9195
8222,51-1011
8222,51-9011
8222,51-9012
8222,51-9195
8223,51-1011
8223,51-4193
8223,51-9121
8223,51-9192
8224,51-1011
8224,51-9151
8229,51-1011
8229,51-9011
8229,51-9012
8229,51-9195
8231,51-1011
8231,51-9021
8231,51-9041
8231,51-9051
8231,51-9195
8231,51-9197
8232,51-1011
8232,51-2091
8232,51-4021
8232,51-4022
8232,51-4023
8232,51-4031
8232,51-4032
8232,51-4033
8232,51-4034
8232,51-4035
8232,51-4072
8232,51-4191
8232,51-4193
8232,51-4199
8240,51-1011
8240,51-7042
8240,51-9051
8240,51-9191
8251,51-1011
8251,51-5112
8252,51-1011
8252,51-5113
8253,51-1011
8253,51-9191
8253,51-9196
8261,51-1011
8261,51-6064
8262,51-1011
8262,51-6063
8263,51-1011
8263,51-6031
8264,51-1011
8264,51-6011
8264,51-6061
8265,51-1011
8265,51-6099
8266,51-1011
8266,51-6042
8269,51-1011
8269,51-6099
8271,51-1011
8271,51-3091
8271,51-3092
8271,51-3093
8271,51-3099
8271,51-9041
8271,51-9193
8272,51-1011
8272,51-3091
8272,51-3092
8272,51-3093
8272,51-3099
8272,51-9041
8272,51-9193
8273,51-1011
8273,51-3091
8273,51-3092
8273,51-3093
8273,51-3099
8273,51-9041
8273,51-9193
8274,51-1011
8274,51-3091
8274,51-3092
8274,51-3093
8274,51-3099
8274,51-9041
8274,51-9193
8275,51-1011
8275,51-3091
8275,51-3092
8275,51-3093
8275,51-3099
8275,51-9041
8275,51-9193
8276,51-1011
8276,51-3091
8276,51-3092
8276,51-3093
8276,51-3099
8276,51-9041
8276,51-9193
8277,51-1011
8277,51-3091
8277,51-3092
8277,51-3093
8277,51-3099
8277,51-9041
8277,51-9193
8278,51-1011
8278,51-3091
8278,51-3092
8278,51-3093
8278,51-3099
8278,51-9041
8278,51-9193
8279,51-1011
8279,51-3091
8279,51-3092
8279,51-3093
8279,51-3099
8279,51-9041
8279,51-9193
8281,51-1011
8281,51-2011
8281,51-2031
8282,51-1011
8282,51-2021
8282,51-2022
8282,51-2023
8282,51-2093
8282,51-9194
8283,51-1011
8283,51-2021
8283,51-2022
8283,51-2023
8283,51-2093
8283,51-9194
8284,51-1011
8284,51-2092
8284,51-2099
8285,51-1011
8285,51-2092
8285,51-2099
8286,51-1011
8286,51-2092
8286,51-2099
8290,51-1011
8290,51-2092
8290,51-2099
8290,51-9111
8290,51-9141
8290,51-9191
8290,51-9193
8290,53-7011
8311,53-1031
8311,53-4011
8311,53-4012
8311,53-4013
8311,53-4041
8311,53-7111
8312,53-1031
8312,53-4021
8312,53-4031
8312,53-4099
8321,43-5021
8321,53-1031
8321,53-3099
8322,53-1031
8322,53-3011
8322,53-3031
8322,53-3033
8322,53-3041
8323,53-1031
8323,53-3021
8323,53-3022
8323,53-4041
8324,53-1031
8324,53-3032
8331,45-2091
8331,45-4022
8332,47-2071
8332,47-2072
8332,47-2073
8332,53-7031
8332,53-7032
8333,39-3091
8333,53-1031
8333,53-6011
8333,53-7021
8333,53-7041
8334,53-1031
8334,53-7051
8340,53-5011
8340,53-5022
9111,35-3041
9111,41-9091
9112,41-9091
9113,41-9041
9113,41-9091
9120,39-9099
9131,37-2012
9132,35-2021
9132,35-9011
9132,35-9021
9132,35-9099
9132,37-2011
9132,37-2012
9132,53-7061
9133,51-6021
9141,37-2011
9142,37-2011
9142,37-2019
9142,47-4071
9142,53-7061
9151,39-6011
9151,43-5021
9152,33-1099
9152,33-9031
9152,33-9032
9152,33-9093
9152,39-3021
9152,39-3031
9152,39-3091
9152,39-3093
9152,39-6011
9152,43-5021
9152,53-6021
9153,43-5041
9153,49-9091
9161,53-1031
9161,53-7081
9162,37-3019
9162,49-9071
9162,49-9098
9162,49-9099
9162,53-7062
9211,37-3011
9211,37-3019
9211,45-2092
9211,45-2093
9211,45-2099
9212,45-4011
9212,45-4029
9213,45-2093
9213,45-3011
9311,47-5081
9311,47-5099
9312,47-3019
9312,47-4051
9312,47-4061
9313,47-2061
9313,47-3011
9313,47-3012
9313,47-3013
9313,47-3014
9313,47-3015
9313,47-3016
9313,47-3019
9321,51-9198
9321,51-9199
9321,53-7062
9321,53-7063
9322,51-9198
9322,51-9199
9322,53-7062
9322,53-7063
9322,53-7064
9331,43-5021
9331,53-6099
9331,53-7199
9332,53-6099
9332,53-7199
9333,43-5081
9333,53-1011
9333,53-1021
9333,53-7062
9333,53-7121
