sic1987,naics2022
0111,11114
0112,11116
0115,11115
0116,11111
0119,11112
0119,11113
0119,11115
0119,11119
0119,11119
0131,11192
0132,11191
0133,11193
0133,11199
0134,11121
0139,11119
0139,11121
0139,11121
0139,11194
0139,11199
0139,11199
0139,11251
0161,11121
0161,11121
0171,11133
0171,11133
0172,11133
0173,11133
0174,11131
0174,11132
0175,11133
0175,11133
0179,11133
0179,11133
0181,11142
0181,11142
0182,11141
0182,11141
0191,11199
0191,11251
0211,11211
0212,11211
0213,11221
0214,11241
0214,11242
0219,11299
0241,11211
0241,11212
0251,11232
0252,11231
0253,11233
0254,11234
0259,11239
0271,11293
0272,11292
0273,11251
0273,11251
0273,11251
0279,11251
0279,11291
0279,11299
0291,11299
0711,11511
0721,11511
0722,11511
0723,11511
0723,31111
0724,11511
0741,54194
0742,54194
0751,11521
0751,31161
0752,11521
0752,81291
0761,11511
0762,11511
0781,54132
0781,54169
0782,56173
0783,56173
0811,11142
0811,11311
0831,11199
0831,11251
0831,11321
0851,11531
0912,11411
0913,11411
0919,11199
0919,11251
0919,11251
0919,11411
0919,11411
0921,11251
0921,11251
0971,11421
1011,21221
1021,21223
1031,21223
1041,21222
1044,21222
1061,21223
1061,21229
1081,21311
1081,23891
1081,54136
1094,21229
1099,21229
1221,21211
1222,21211
1231,21211
1231,21211
1241,21311
1241,23891
1311,21112
1311,21113
1321,21113
1381,21311
1382,21311
1382,54136
1389,21311
1389,23712
1389,23891
1411,21231
1422,21231
1423,21231
1429,21231
1442,21232
1446,21232
1455,21232
1459,21232
1474,21239
1475,21239
1479,21239
1481,21311
1481,23891
1481,54136
1499,21231
1499,21239
1521,23611
1521,23611
1522,23611
1522,23611
1522,23622
1531,23611
1531,23611
1531,23621
1531,23622
1541,23621
1541,23622
1542,23622
1611,23731
1622,23731
1622,23799
1623,23711
1623,23712
1623,23713
1629,23621
1629,23711
1629,23712
1629,23713
1629,23799
1629,23891
1711,23821
1711,23822
1711,23891
1721,23731
1721,23832
1731,23821
1741,23814
1742,23831
1743,23831
1743,23834
1751,23813
1751,23835
1752,23831
1752,23833
1761,23816
1761,23817
1761,23839
1771,23811
1771,23814
1771,23899
1781,23711
1791,23812
1791,23819
1791,23822
1791,23831
1793,23815
1794,23891
1795,23891
1796,23822
1796,23829
1799,23622
1799,23799
1799,23815
1799,23819
1799,23829
1799,23831
1799,23832
1799,23835
1799,23839
1799,23891
1799,23899
1799,56179
1799,56291
2011,31161
2013,31161
2013,31161
2015,31161
2015,31199
2021,31151
2022,31151
2023,31151
2023,31151
2024,31152
2026,31151
2026,31151
2032,31142
2032,31199
2033,31142
2034,31121
2034,31142
2034,31199
2035,31142
2035,31194
2037,31141
2038,31141
2041,31121
2043,31123
2043,31192
2044,31121
2045,31182
2046,31122
2046,31122
2047,31111
2048,31111
2048,31161
2051,31181
2052,31181
2052,31182
2052,31191
2053,31181
2061,31131
2062,31131
2063,31131
2064,31134
2064,31135
2066,31135
2066,31135
2067,31134
2068,31191
2074,31122
2074,31122
2075,31122
2075,31122
2076,31122
2076,31122
2077,31161
2077,31171
2077,31171
2079,31122
2079,31122
2079,31122
2082,31194
2082,31212
2083,31121
2084,31213
2085,31213
2085,31214
2086,31211
2086,31211
2087,31192
2087,31193
2087,31194
2087,31199
2091,31171
2092,31171
2095,31192
2096,31191
2097,31211
2098,31182
2099,11199
2099,11251
2099,31121
2099,31134
2099,31142
2099,31182
2099,31183
2099,31191
2099,31192
2099,31194
2099,31194
2099,31199
2099,31199
2111,31223
2121,31223
2131,31223
2141,31223
2141,31223
2211,31321
2221,31321
2231,31321
2231,31331
2231,31331
2241,31322
2251,31331
2251,31512
2252,31331
2252,31512
2252,31512
2253,31331
2253,31512
2253,31512
2254,31331
2254,31512
2257,31324
2257,31331
2258,31324
2258,31331
2259,31324
2259,31324
2259,31331
2259,31512
2259,31512
2261,31331
2262,31331
2269,31331
2269,31331
2273,31411
2281,31311
2282,31311
2284,31311
2284,31331
2295,31332
2296,31499
2297,31323
2298,31311
2298,31499
2299,31311
2299,31311
2299,31311
2299,31321
2299,31322
2299,31323
2299,31331
2299,31499
2311,31499
2311,31521
2311,31525
2321,31499
2321,31521
2321,31525
2322,31499
2322,31521
2322,31525
2323,31499
2323,31521
2323,31599
2325,31499
2325,31521
2325,31525
2326,31499
2326,31521
2326,31525
2329,31499
2329,31521
2329,31525
2329,31525
2331,31499
2331,31521
2331,31525
2335,31499
2335,31521
2335,31525
2337,31499
2337,31521
2337,31525
2339,31499
2339,31521
2339,31525
2339,31525
2339,31599
2341,31499
2341,31499
2341,31521
2341,31521
2341,31525
2341,31525
2341,31525
2342,31499
2342,31521
2342,31525
2353,31499
2353,31499
2353,31521
2353,31521
2353,31599
2361,31499
2361,31499
2361,31521
2361,31521
2361,31525
2361,31525
2361,31525
2361,31525
2369,31499
2369,31499
2369,31521
2369,31521
2369,31525
2369,31525
2369,31525
2369,31525
2369,31525
2369,31525
2369,31525
2369,31525
2371,31499
2371,31499
2371,31521
2371,31521
2371,31525
2381,31499
2381,31499
2381,31521
2381,31521
2381,31599
2384,31499
2384,31499
2384,31521
2384,31521
2384,31525
2384,31525
2385,31499
2385,31499
2385,31521
2385,31521
2385,31525
2385,31525
2385,31525
2385,31525
2385,31525
2385,31525
2385,31599
2386,31499
2386,31499
2386,31521
2386,31521
2386,31525
2387,31499
2387,31499
2387,31521
2387,31521
2387,31599
2389,31499
2389,31499
2389,31521
2389,31521
2389,31525
2389,31525
2389,31599
2391,31412
2392,31412
2392,31491
2392,31499
2392,33999
2393,31491
2394,31491
2395,31499
2395,31499
2395,31499
2395,31521
2395,31521
2396,31499
2396,31499
2396,31499
2396,31521
2396,31521
2396,31599
2396,32311
2396,33636
2397,31322
2399,31499
2399,31499
2399,31499
2399,31521
2399,31521
2399,31599
2399,33636
2411,11331
2421,32111
2421,32191
2421,32191
2421,32192
2421,32199
2426,32111
2426,32191
2426,32191
2426,33721
2429,32111
2429,32192
2429,32199
2431,32191
2431,32191
2434,33711
2435,32121
2436,32121
2439,32121
2439,32121
2441,32192
2448,32192
2449,32192
2451,32199
2452,32199
2491,32111
2493,32121
2499,32192
2499,32199
2499,33341
2499,33712
2499,33911
2499,33999
2511,33712
2511,33721
2512,33712
2514,33712
2514,33712
2514,33721
2515,33712
2515,33791
2517,32199
2519,33712
2521,33721
2522,33721
2531,33636
2531,33712
2531,33994
2541,33711
2541,33712
2541,33721
2541,33721
2542,33712
2542,33721
2591,33792
2599,33324
2599,33341
2599,33399
2599,33399
2599,33712
2599,33712
2599,33911
2611,32211
2611,32212
2611,32212
2611,32213
2621,32212
2621,32212
2631,32213
2652,32221
2653,32221
2655,32221
2656,32221
2657,32221
2671,32222
2671,32611
2672,32222
2673,32222
2673,32611
2674,32222
2675,32222
2675,32223
2675,32229
2676,32229
2677,32223
2678,32223
2679,32221
2679,32222
2679,32223
2679,32229
2711,51311
2711,51311
2711,51312
2711,51313
2711,51314
2711,51319
2711,51319
2711,51621
2711,51929
2721,51311
2721,51312
2721,51312
2721,51313
2721,51314
2721,51319
2721,51319
2721,51621
2721,51929
2731,51223
2731,51311
2731,51312
2731,51313
2731,51313
2731,51314
2731,51319
2731,51319
2731,51621
2731,51929
2732,32311
2741,51223
2741,51311
2741,51312
2741,51312
2741,51313
2741,51313
2741,51314
2741,51314
2741,51319
2741,51319
2741,51319
2741,51621
2741,51929
2752,32311
2752,32311
2754,32311
2759,32311
2759,32311
2759,32311
2759,32311
2759,32311
2761,32311
2771,32311
2771,32311
2771,32311
2771,32311
2771,32311
2771,51311
2771,51312
2771,51313
2771,51314
2771,51319
2771,51319
2771,51319
2771,51621
2771,51929
2782,32311
2782,32311
2789,32312
2791,32312
2796,32312
2812,32518
2813,32512
2816,32513
2816,32518
2819,21113
2819,32513
2819,32518
2819,32599
2819,33131
2821,32521
2822,32521
2823,32522
2824,32522
2833,32541
2834,32541
2835,32541
2835,32541
2836,32541
2841,32561
2842,32561
2843,32561
2844,32561
2844,32562
2851,32551
2861,32519
2865,32511
2865,32513
2865,32519
2869,32511
2869,32512
2869,32518
2869,32519
2869,32519
2869,32519
2869,32599
2873,32531
2874,32531
2875,32531
2875,32531
2879,32532
2891,32552
2892,32592
2893,32591
2895,32518
2899,31194
2899,32519
2899,32551
2899,32599
2911,32411
2951,32412
2952,32412
2992,32419
2999,32419
3011,32621
3021,31621
3052,32622
3053,33999
3061,32629
3061,32629
3069,31332
3069,31491
3069,31525
3069,31599
3069,32619
3069,32629
3069,33661
3069,33911
3069,33992
3069,33993
3081,32611
3082,32612
3083,32613
3084,32612
3085,32616
3086,32614
3086,32615
3087,32599
3088,32619
3089,32612
3089,32612
3089,32619
3089,33661
3089,33721
3089,33911
3111,31611
3131,31699
3131,32199
3131,33999
3142,31621
3143,31621
3144,31621
3149,31621
3151,31499
3151,31499
3151,31521
3151,31521
3151,31599
3161,31699
3171,31699
3172,31699
3172,33991
3199,31699
3211,32721
3221,32721
3229,32721
3231,32721
3241,32731
3251,32712
3251,32733
3253,32712
3255,32712
3259,32712
3261,32711
3262,32711
3263,32711
3264,32711
3269,32711
3271,32733
3272,32733
3272,32739
3272,32799
3273,32732
3274,32741
3275,32742
3281,32799
3291,32791
3291,33299
3292,32799
3292,33634
3292,33635
3295,21232
3295,21232
3295,21239
3295,21239
3295,32799
3296,32799
3297,32712
3299,32711
3299,32742
3299,32799
3312,32419
3312,33111
3312,33122
3313,33111
3315,33122
3315,33261
3316,33122
3317,33121
3321,33151
3322,33151
3324,33151
3325,33151
3331,33141
3334,33131
3339,33141
3341,33131
3341,33142
3341,33149
3351,33142
3353,33131
3354,33131
3355,33131
3356,33149
3357,33131
3357,33142
3357,33149
3357,33592
3357,33592
3363,33152
3364,33152
3365,33152
3366,33152
3369,33152
3398,33281
3399,33111
3399,33122
3399,33131
3399,33142
3399,33149
3399,33261
3399,33281
3411,33243
3412,33243
3421,33221
3421,33221
3423,33221
3425,33221
3429,33243
3429,33251
3429,33272
3429,33291
3429,33299
3429,33392
3429,33451
3429,33639
3429,33721
3431,33299
3432,33291
3432,33291
3432,33299
3433,33341
3441,33231
3442,33232
3443,33231
3443,33241
3443,33242
3443,33341
3444,33232
3444,33232
3444,33243
3444,33341
3446,33232
3448,33231
3449,33211
3449,33231
3449,33232
3451,33272
3452,33272
3462,33211
3463,33211
3465,33637
3466,33211
3469,33211
3469,33221
3469,33243
3471,33281
3479,33281
3479,33991
3479,33991
3479,33991
3482,33299
3483,33299
3484,33299
3489,33299
3491,33291
3492,33291
3493,33261
3494,33291
3494,33299
3495,33261
3495,33451
3496,33221
3496,33261
3496,33392
3497,32222
3497,33299
3498,33299
3499,33211
3499,33243
3499,33251
3499,33291
3499,33299
3499,33636
3499,33721
3511,33361
3519,33361
3519,33639
3523,33221
3523,33232
3523,33311
3523,33392
3524,33221
3524,33311
3531,33312
3531,33392
3531,33651
3532,33313
3533,33313
3534,33392
3535,33392
3536,33392
3537,33243
3537,33299
3537,33392
3541,33351
3542,33351
3543,33299
3544,33351
3544,33351
3545,33221
3545,33351
3546,33399
3547,33351
3548,33399
3548,33531
3549,33351
3552,33324
3553,33324
3554,33324
3555,33324
3556,33324
3559,33241
3559,33311
3559,33324
3559,33324
3559,33324
3559,33331
3561,33391
3562,33299
3563,33391
3564,33341
3564,33341
3565,33399
3566,33361
3567,33399
3568,33361
3569,31499
3569,33341
3569,33399
3571,33411
3572,33411
3575,33411
3577,33331
3577,33411
3577,33441
3577,33461
3578,33331
3578,33331
3578,33331
3578,33411
3579,33331
3579,33451
3579,33994
3581,33331
3582,33331
3585,33341
3585,33639
3586,33391
3589,33331
3592,33631
3593,33399
3594,33399
3596,33399
3599,33271
3599,33281
3599,33299
3599,33331
3599,33399
3599,33451
3599,33639
3612,33531
3613,33531
3621,33531
3624,33599
3625,33531
3629,33599
3631,33522
3632,33522
3633,33522
3634,33341
3634,33521
3634,33999
3635,33521
3639,33324
3639,33521
3639,33522
3641,33513
3643,33593
3644,33221
3644,33593
3645,33513
3646,33513
3647,33632
3648,33513
3651,33431
3652,33461
3652,51225
3661,33421
3661,33441
3663,33422
3663,33451
3669,33429
3671,33441
3672,33441
3674,33441
3675,33441
3676,33441
3677,33441
3678,33441
3679,33422
3679,33431
3679,33441
3679,33441
3679,33451
3691,33591
3692,33591
3694,33632
3695,33461
3699,33331
3699,33361
3699,33399
3699,33513
3699,33599
3711,33611
3711,33611
3711,33612
3711,33621
3711,33699
3713,33621
3714,33621
3714,33631
3714,33632
3714,33633
3714,33634
3714,33635
3714,33639
3715,33621
3716,33621
3721,33641
3721,54171
3721,54171
3721,54171
3724,33641
3724,54171
3724,54171
3724,54171
3728,33291
3728,33641
3728,33641
3728,54171
3728,54171
3728,54171
3731,33661
3731,48839
3732,33661
3732,81149
3743,33391
3743,33651
3751,33699
3761,33641
3761,54171
3761,54171
3761,54171
3764,33641
3764,54171
3764,54171
3764,54171
3769,33641
3769,54171
3769,54171
3769,54171
3792,33621
3795,33699
3799,33392
3799,33621
3799,33639
3799,33699
3812,33451
3821,33324
3821,33341
3821,33399
3821,33399
3821,33712
3821,33911
3822,33451
3823,33451
3824,33451
3825,33451
3825,33451
3826,33451
3827,33331
3829,33451
3829,33451
3829,33451
3829,33911
3841,33299
3841,33324
3841,33341
3841,33399
3841,33399
3841,33712
3841,33911
3841,33911
3842,32229
3842,33451
3842,33911
3842,33999
3843,33911
3844,33451
3845,33451
3845,33451
3851,33911
3851,33911
3861,32599
3861,33331
3873,33451
3911,33991
3914,33221
3914,33299
3914,33991
3915,33451
3915,33991
3931,33999
3942,33993
3944,33699
3944,33993
3949,33992
3951,33994
3952,32599
3952,33712
3952,33994
3953,33994
3955,33994
3961,33991
3961,33999
3965,33999
3991,33999
3993,32311
3993,33995
3995,33999
3996,32619
3999,31611
3999,32199
3999,32599
3999,32619
3999,33221
3999,33221
3999,33281
3999,33299
3999,33331
3999,33513
3999,33521
3999,33661
3999,33712
3999,33993
3999,33999
4011,48211
4013,48211
4013,48821
4111,48511
4111,48511
4111,48511
4111,48511
4111,48599
4119,48532
4119,48541
4119,48599
4119,48599
4119,48711
4119,62191
4121,48531
4131,48521
4141,48551
4142,48551
4151,48541
4173,48849
4212,48411
4212,48421
4212,48422
4212,56211
4212,56211
4212,56211
4213,48412
4213,48412
4213,48421
4213,48423
4214,48411
4214,48421
4214,48422
4215,49211
4215,49221
4221,49313
4222,49312
4225,49311
4225,53113
4226,49311
4226,49312
4226,49319
4231,48849
4311,49111
4412,48311
4424,48311
4432,48311
4449,48321
4481,48311
4481,48311
4482,48311
4482,48321
4489,48321
4489,48721
4491,48831
4491,48832
4492,48833
4493,71393
4499,48321
4499,48831
4499,48833
4499,48839
4499,53241
4499,54199
4512,48111
4512,48111
4513,49211
4522,48121
4522,48121
4522,48121
4522,48799
4522,62191
4581,48811
4581,48811
4581,48819
4581,56172
4581,81142
4612,48611
4613,48691
4619,48699
4724,56151
4725,56152
4729,48899
4729,56159
4731,48851
4731,54161
4741,48821
4741,53241
4783,48899
4785,48839
4785,48849
4789,48711
4789,48821
4789,48899
4789,72231
4812,51711
4812,51711
4812,51712
4812,51712
4812,51712
4812,51712
4813,51711
4813,51712
4813,51712
4822,51711
4832,51611
4832,51621
4833,51612
4833,51621
4841,51621
4841,51711
4899,48531
4899,51711
4899,51712
4899,51741
4899,51781
4899,81299
4911,22111
4911,22111
4911,22111
4911,22111
4911,22111
4911,22111
4911,22111
4911,22111
4911,22112
4911,22112
4922,48621
4923,22121
4923,48621
4924,22121
4925,22121
4931,22111
4931,22111
4931,22111
4931,22111
4931,22111
4931,22111
4931,22111
4931,22111
4931,22112
4931,22112
4931,22121
4932,22121
4939,22111
4939,22111
4939,22111
4939,22111
4939,22111
4939,22111
4939,22111
4939,22111
4939,22112
4939,22112
4939,22121
4941,22131
4952,22132
4953,56221
4953,56221
4953,56221
4953,56221
4953,56292
4959,48811
4959,48849
4959,56171
4959,56179
4959,56291
4959,56299
4961,22133
4971,22131
5012,42311
5012,42512
5012,42512
5013,42312
5013,42512
5013,42512
5013,44133
5014,42313
5014,42512
5014,42512
5014,44134
5015,42314
5015,42512
5015,42512
5015,44133
5021,42321
5021,42512
5021,42512
5021,44911
5023,42322
5023,42512
5023,42512
5023,44912
5031,42331
5031,42512
5031,42512
5031,44411
5032,42332
5032,42512
5032,42512
5032,44418
5033,42333
5033,42512
5033,42512
5033,44418
5039,42331
5039,42339
5039,42512
5039,42512
5039,44418
5043,42341
5043,42512
5043,42512
5044,42342
5044,42512
5044,42512
5044,45941
5045,42343
5045,42512
5045,42512
5045,44921
5046,42344
5046,42512
5046,42512
5047,42345
5047,42512
5047,42512
5047,45619
5048,42346
5048,42512
5048,42512
5049,42349
5049,42512
5049,42512
5049,45941
5051,42351
5051,42512
5051,42512
5052,42352
5052,42512
5052,42512
5063,42361
5063,42512
5063,42512
5063,44418
5064,42362
5064,42372
5064,42512
5064,42512
5064,44418
5064,44921
5064,44921
5065,42369
5065,42512
5065,42512
5065,44921
5065,44921
5072,42371
5072,42512
5072,42512
5072,44414
5074,42362
5074,42372
5074,42512
5074,42512
5074,44418
5075,42373
5075,42512
5075,42512
5078,42374
5078,42512
5078,42512
5082,42381
5082,42512
5082,42512
5083,42382
5083,42512
5083,42512
5083,44423
5084,42383
5084,42512
5084,42512
5085,42383
5085,42384
5085,42512
5085,42512
5085,45521
5085,45999
5085,45999
5087,42385
5087,42512
5087,42512
5087,45612
5088,42386
5088,42512
5088,42512
5091,42391
5091,42512
5091,42512
5091,45911
5092,42392
5092,42512
5092,42512
5092,45912
5093,42393
5093,42512
5093,42512
5094,42394
5094,42512
5094,42512
5094,45831
5099,42399
5099,42512
5099,42512
5099,44418
5099,44921
5099,45911
5099,45912
5111,42411
5111,42512
5111,42512
5111,45941
5112,42412
5112,42512
5112,42512
5112,45941
5113,42413
5113,42512
5113,42512
5113,45521
5113,45999
5113,45999
5122,42421
5122,42512
5122,42512
5122,45611
5122,45612
5122,45619
5131,31331
5131,31331
5131,42431
5131,42512
5131,42512
5131,45913
5136,42391
5136,42435
5136,42512
5136,42512
5136,45811
5136,45811
5137,42391
5137,42435
5137,42512
5137,42512
5137,45811
5137,45811
5137,45811
5139,42434
5139,42512
5139,42512
5139,45821
5141,42441
5141,42512
5141,42512
5141,44511
5142,42442
5142,42512
5142,42512
5142,44133
5142,44134
5142,44414
5142,44418
5142,44423
5142,44424
5142,44513
5142,44524
5142,44525
5142,44529
5142,44532
5142,44911
5142,44912
5142,44912
5142,44912
5142,44921
5142,45521
5142,45611
5142,45612
5142,45613
5142,45619
5142,45619
5142,45811
5142,45821
5142,45831
5142,45832
5142,45911
5142,45912
5142,45913
5142,45914
5142,45921
5142,45931
5142,45941
5142,45942
5142,45951
5142,45991
5142,45992
5142,45999
5142,45999
5143,42443
5143,42512
5143,42512
5143,44529
5144,42444
5144,42512
5144,42512
5144,44524
5145,42445
5145,42512
5145,42512
5145,44529
5146,42446
5146,42512
5146,42512
5146,44525
5147,31161
5147,42447
5147,42512
5147,42512
5147,44524
5148,42448
5148,42512
5148,42512
5148,44523
5149,31211
5149,42449
5149,42512
5149,42512
5149,44529
5149,45991
5153,42451
5153,42512
5153,42512
5153,44424
5154,42452
5154,42512
5154,42512
5159,42459
5159,42512
5159,42512
5159,44424
5162,42461
5162,42512
5162,42512
5162,45521
5162,45999
5162,45999
5169,42469
5169,42512
5169,42512
5171,42471
5171,45721
5171,45721
5172,42472
5172,42512
5172,42512
5181,42481
5181,42512
5181,42512
5181,44532
5182,42482
5182,42512
5182,42512
5182,44532
5191,42491
5191,42512
5191,42512
5191,44424
5192,42492
5192,42512
5192,42512
5192,45921
5193,42493
5193,42512
5193,42512
5193,44424
5194,42494
5194,42512
5194,42512
5194,45999
5198,42495
5198,42512
5198,42512
5199,42431
5199,42434
5199,42461
5199,42499
5199,42512
5199,42512
5199,45942
5199,45991
5199,45999
5199,54189
5211,44411
5211,44418
5231,44412
5231,44418
5251,44414
5261,44423
5261,44424
5271,45993
5311,45511
5311,45511
5311,45521
5331,45521
5399,45521
5399,45521
5411,44133
5411,44134
5411,44414
5411,44418
5411,44423
5411,44424
5411,44511
5411,44513
5411,44513
5411,44524
5411,44525
5411,44529
5411,44532
5411,44911
5411,44912
5411,44912
5411,44912
5411,44921
5411,45521
5411,45521
5411,45611
5411,45612
5411,45613
5411,45619
5411,45619
5411,45711
5411,45811
5411,45821
5411,45831
5411,45832
5411,45911
5411,45912
5411,45913
5411,45914
5411,45921
5411,45931
5411,45941
5411,45942
5411,45951
5411,45991
5411,45992
5411,45999
5411,45999
5421,44133
5421,44134
5421,44414
5421,44418
5421,44423
5421,44424
5421,44513
5421,44524
5421,44524
5421,44525
5421,44525
5421,44529
5421,44532
5421,44911
5421,44912
5421,44912
5421,44912
5421,44921
5421,45521
5421,45611
5421,45612
5421,45613
5421,45619
5421,45619
5421,45811
5421,45821
5421,45831
5421,45832
5421,45911
5421,45912
5421,45913
5421,45914
5421,45921
5421,45931
5421,45941
5421,45942
5421,45951
5421,45991
5421,45992
5421,45999
5421,45999
5431,44133
5431,44134
5431,44414
5431,44418
5431,44423
5431,44424
5431,44513
5431,44523
5431,44524
5431,44525
5431,44529
5431,44532
5431,44911
5431,44912
5431,44912
5431,44912
5431,44921
5431,45521
5431,45611
5431,45612
5431,45613
5431,45619
5431,45619
5431,45811
5431,45821
5431,45831
5431,45832
5431,45911
5431,45912
5431,45913
5431,45914
5431,45921
5431,45931
5431,45941
5431,45942
5431,45951
5431,45991
5431,45992
5431,45999
5431,45999
5441,31134
5441,31135
5441,44529
5451,44529
5461,31181
5461,44529
5461,72251
5499,44524
5499,44529
5499,45619
5511,44111
5521,44112
5531,44133
5531,44134
5531,45521
5541,45711
5541,45712
5551,44122
5561,44121
5571,44122
5599,44122
5611,45811
5611,45811
5621,45811
5621,45811
5632,45811
5632,45811
5641,45811
5651,45811
5661,45821
5699,31525
5699,31525
5699,45811
5699,45811
5712,33711
5712,33712
5712,33712
5712,44911
5713,44912
5714,31412
5714,31412
5714,44912
5714,45913
5719,32711
5719,44912
5719,44912
5722,44921
5731,44133
5731,44921
5734,44921
5735,44921
5736,45914
5812,71111
5812,72231
5812,72232
5812,72251
5812,72251
5812,72251
5812,72251
5813,72241
5912,45611
5921,44532
5932,45951
5932,52229
5941,45911
5942,45921
5943,45941
5944,45831
5945,45912
5946,44921
5947,45942
5948,45832
5949,45913
5961,44122
5961,44122
5961,44122
5961,44133
5961,44133
5961,44133
5961,44134
5961,44134
5961,44134
5961,44414
5961,44414
5961,44414
5961,44418
5961,44418
5961,44418
5961,44423
5961,44423
5961,44423
5961,44424
5961,44424
5961,44424
5961,44513
5961,44513
5961,44513
5961,44524
5961,44524
5961,44524
5961,44525
5961,44525
5961,44525
5961,44529
5961,44529
5961,44529
5961,44532
5961,44532
5961,44532
5961,44911
5961,44911
5961,44911
5961,44912
5961,44912
5961,44912
5961,44912
5961,44912
5961,44912
5961,44912
5961,44912
5961,44912
5961,44921
5961,44921
5961,44921
5961,45511
5961,45511
5961,45511
5961,45521
5961,45521
5961,45521
5961,45521
5961,45521
5961,45521
5961,45611
5961,45611
5961,45611
5961,45612
5961,45612
5961,45612
5961,45613
5961,45613
5961,45613
5961,45619
5961,45619
5961,45619
5961,45619
5961,45619
5961,45619
5961,45811
5961,45811
5961,45811
5961,45821
5961,45821
5961,45821
5961,45831
5961,45831
5961,45831
5961,45832
5961,45832
5961,45832
5961,45911
5961,45911
5961,45911
5961,45912
5961,45912
5961,45912
5961,45913
5961,45913
5961,45913
5961,45914
5961,45914
5961,45914
5961,45921
5961,45921
5961,45921
5961,45931
5961,45931
5961,45931
5961,45941
5961,45941
5961,45941
5961,45942
5961,45942
5961,45942
5961,45951
5961,45951
5961,45951
5961,45991
5961,45991
5961,45991
5961,45992
5961,45992
5961,45992
5961,45999
5961,45999
5961,45999
5961,45999
5961,45999
5961,45999
5962,44513
5963,44133
5963,44134
5963,44414
5963,44418
5963,44423
5963,44424
5963,44513
5963,44524
5963,44525
5963,44529
5963,44532
5963,44911
5963,44912
5963,44912
5963,44912
5963,44921
5963,45521
5963,45611
5963,45612
5963,45613
5963,45619
5963,45619
5963,45811
5963,45821
5963,45831
5963,45832
5963,45911
5963,45912
5963,45913
5963,45914
5963,45921
5963,45931
5963,45941
5963,45942
5963,45951
5963,45991
5963,45992
5963,45999
5963,45999
5963,72233
5983,45721
5984,45721
5989,45721
5992,45931
5993,45999
5994,45921
5995,33911
5995,45613
5999,33911
5999,44921
5999,45521
5999,45612
5999,45619
5999,45991
5999,45992
5999,45999
5999,45999
6011,52111
6019,52229
6021,52211
6021,52221
6022,52211
6022,52218
6022,52221
6029,52211
6035,52218
6036,52218
6061,52213
6062,52213
6081,52211
6081,52229
6081,52229
6082,52229
6082,52229
6091,52399
6099,52232
6099,52239
6099,52316
6099,52399
6111,52229
6111,52229
6111,52229
6111,52229
6141,52221
6141,52222
6141,52229
6141,52229
6153,52221
6153,52222
6153,52229
6153,52232
6153,52391
6159,52222
6159,52229
6159,52229
6159,52229
6159,52229
6162,52229
6162,52239
6163,52231
6211,52315
6211,52315
6211,52391
6211,52399
6221,52316
6221,52316
6231,52321
6282,52394
6282,52394
6289,52399
6289,52399
6311,52411
6311,52412
6311,52413
6321,52411
6321,52411
6321,52413
6321,52519
6324,52411
6324,52413
6324,52519
6331,52412
6331,52412
6331,52413
6331,52519
6351,52412
6351,52412
6351,52413
6361,52412
6361,52413
6371,52394
6371,52429
6371,52511
6371,52512
6371,52599
6399,52412
6411,52421
6411,52429
6411,52429
6411,52429
6512,53112
6512,71131
6513,53111
6514,53111
6515,53119
6517,53119
6519,53119
6531,53111
6531,53121
6531,53131
6531,53131
6531,53132
6531,53139
6531,81222
6531,81399
6541,54119
6552,23721
6553,81222
6712,55111
6719,55111
6722,52591
6726,52599
6732,81321
6733,52394
6733,52399
6733,52519
6733,52592
6792,52391
6792,53311
6794,53311
6798,52599
6798,53111
6798,53112
6798,53113
6798,53119
6799,52316
6799,52391
6799,52394
7011,72111
7011,72112
7011,72119
7011,72119
7021,72131
7032,72121
7033,72121
7041,72111
7041,72131
7211,81232
7212,81232
7213,81233
7215,81231
7216,81232
7217,56174
7218,81233
7219,81149
7219,81232
7219,81233
7221,54192
7231,61151
7231,81211
7231,81211
7241,61151
7241,81211
7251,81143
7251,81232
7251,81299
7261,81221
7261,81222
7291,54121
7299,53228
7299,54199
7299,56131
7299,56199
7299,81219
7299,81219
7299,81293
7299,81299
7311,54181
7312,54185
7313,54184
7319,48121
7319,54183
7319,54185
7319,54187
7319,54189
7322,56144
7323,56145
7331,51314
7331,54186
7334,32311
7334,56143
7335,48121
7335,54192
7336,54143
7338,56141
7338,56149
7342,56171
7342,56172
7349,56172
7349,56179
7352,53228
7352,53249
7353,23891
7353,23899
7353,53241
7359,53221
7359,53228
7359,53231
7359,53241
7359,53241
7359,53242
7359,53249
7359,56299
7361,54161
7361,56131
7361,56131
7363,56132
7363,56133
7371,54151
7372,33461
7372,51321
7373,54151
7374,51821
7375,51711
7375,51781
7376,54151
7377,53242
7378,44921
7378,81121
7379,51821
7379,54151
7379,54151
7381,56161
7381,56161
7381,56161
7382,56162
7383,51621
7383,71151
7384,81292
7384,81292
7389,31223
7389,31331
7389,31499
7389,32599
7389,42512
7389,48849
7389,49111
7389,51224
7389,51229
7389,51821
7389,51929
7389,52232
7389,54119
7389,54134
7389,54135
7389,54137
7389,54141
7389,54142
7389,54149
7389,54187
7389,54189
7389,54193
7389,54199
7389,56141
7389,56142
7389,56142
7389,56143
7389,56143
7389,56144
7389,56149
7389,56149
7389,56159
7389,56159
7389,56179
7389,56191
7389,56192
7389,56199
7389,71131
7389,71132
7389,71141
7389,81232
7389,81299
7513,53212
7514,53211
7515,53211
7519,53212
7521,81293
7532,81112
7533,81111
7534,32621
7534,81119
7536,81112
7537,81111
7538,81111
7539,81111
7539,81119
7542,81119
7549,48841
7549,81112
7549,81119
7549,81119
7622,23829
7622,44921
7622,81121
7622,81121
7623,44921
7623,81131
7623,81141
7629,44921
7629,81121
7629,81121
7629,81121
7629,81121
7629,81141
7631,45831
7631,81149
7641,81142
7692,81131
7694,33531
7694,81131
7699,11521
7699,23822
7699,44414
7699,44423
7699,44912
7699,45911
7699,48839
7699,56162
7699,56179
7699,56299
7699,56299
7699,71151
7699,81121
7699,81121
7699,81121
7699,81131
7699,81141
7699,81141
7699,81143
7699,81149
7812,51211
7819,33461
7819,51219
7819,51219
7819,53228
7819,53249
7819,54121
7819,54169
7819,56131
7819,71151
7822,42399
7822,51212
7829,51212
7829,51219
7829,51921
7832,51213
7833,51213
7841,53228
7911,61161
7911,71399
7922,51229
7922,53249
7922,56131
7922,56159
7922,71111
7922,71112
7922,71131
7922,71132
7922,71141
7922,71151
7929,71113
7929,71119
7929,71151
7933,71395
7941,71121
7941,71131
7941,71132
7941,71141
7948,71121
7948,71121
7991,71394
7992,71391
7993,71312
7993,71329
7993,71399
7996,71311
7997,48121
7997,48811
7997,71391
7997,71394
7997,71399
7999,48711
7999,48721
7999,48799
7999,53228
7999,56159
7999,61162
7999,61169
7999,71119
7999,71121
7999,71131
7999,71132
7999,71219
7999,71321
7999,71329
7999,71392
7999,71394
7999,71399
7999,81299
8011,62111
8011,62111
8011,62149
8011,62149
8021,62121
8031,62111
8031,62111
8041,62131
8042,62132
8043,62139
8049,62133
8049,62134
8049,62139
8051,62311
8051,62321
8051,62331
8052,62311
8052,62321
8052,62331
8059,62311
8059,62321
8059,62331
8062,62211
8063,62221
8069,62211
8069,62221
8069,62231
8071,62151
8071,62151
8072,33911
8082,62161
8092,62149
8093,62139
8093,62141
8093,62142
8093,62149
8099,54143
8099,54192
8099,62141
8099,62199
8099,62199
8111,54111
8211,61111
8221,61131
8222,61121
8231,51921
8243,61142
8243,61151
8244,61141
8249,61151
8249,61151
8249,61151
8299,61143
8299,61151
8299,61151
8299,61161
8299,61162
8299,61163
8299,61169
8299,61169
8299,61169
8299,61171
8322,62411
8322,62412
8322,62419
8322,62421
8322,62422
8322,62422
8322,62423
8322,92215
8331,62431
8351,62441
8361,62321
8361,62322
8361,62331
8361,62399
8399,81321
8399,81321
8399,81331
8399,81331
8399,81331
8412,71211
8412,71212
8422,71213
8422,71219
8611,81391
8621,81392
8631,81393
8641,81331
8641,81341
8641,81399
8641,92115
8651,81394
8661,81311
8699,56159
8699,81331
8699,81341
8699,81391
8699,81399
8711,54133
8712,54131
8713,54136
8713,54137
8721,54121
8721,54121
8721,54121
8731,54171
8731,54171
8731,54171
8732,54172
8732,54191
8733,54171
8733,54171
8733,54171
8733,54172
8734,54138
8734,54194
8741,23611
8741,23611
8741,23611
8741,23621
8741,23622
8741,23711
8741,23712
8741,23713
8741,23731
8741,23799
8741,56111
8742,54161
8742,54161
8742,54161
8742,54161
8742,56131
8743,54182
8744,56121
8748,54132
8748,54133
8748,54161
8748,54169
8748,61171
8811,81411
8999,51223
8999,51225
8999,51311
8999,51311
8999,51312
8999,51312
8999,51313
8999,51313
8999,51314
8999,51314
8999,51319
8999,51319
8999,51319
8999,51319
8999,51621
8999,51621
8999,51929
8999,51929
8999,54161
8999,54162
8999,54169
8999,54199
8999,56131
8999,71151
9111,92111
9121,92112
9131,92114
9199,92119
9211,92211
9221,92212
9222,92213
9223,92214
9224,92216
9229,92219
9311,92113
9411,92311
9431,92312
9441,92313
9451,92314
9511,92411
9512,92412
9531,92511
9532,92512
9611,92611
9621,48811
9621,92612
9631,92613
9641,92614
9651,92615
9661,92711
9711,92811
9721,92812
